country,city,latitude,longitude
AD,Andorra La Vella,42.5,1.5167
AE,Abu Dhabi,24.4667,54.3667
AE,Dubai,25.2582,55.3047
AF,Kabul,34.5167,69.1833
AG,Saint John,17.1167,-61.85
AI,The Valley,18.2167,-63.05
AL,Tirana,41.3275,19.8189
AM,Yerevan,40.1811,44.5136
AN,Willemstad,12.1,-68.9167
AO,Luanda,-8.8383,13.2344
AR,Buenos Aires,-34.6033,-58.3816
AS,Pago Pago,-14.2393,-170.7221
AT,Vienna,48.2,16.3667
AU,Brisbane,-27.471,153.0243
AU,Canberra,-35.276,149.1344
AU,Doncaster,-37.7833,145.1333
AU,Geelong,-38.1535,144.3581
AU,Melbourne,-37.8139,144.9634
AU,Queensferry,-38.4167,145.5
AU,Sydney,-33.8615,151.2055
AW,Oranjestad,12.5167,-70.0333
AX,Mariehamn,60.1,19.95
AZ,Baku,40.3953,49.8822
BA,Sarajevo,43.85,18.3833
BB,Bridgetown,13.1,-59.6167
BB,Cave Hill,13.3,-59.5833
BD,Chittagong,22.3384,91.8317
BD,Dhaka,23.7231,90.4086
BE,Bastogne,50.085,5.6684
BE,Brussels,50.8333,4.3333
BE,Leuven,50.8833,4.7
BF,Ouagadougou,12.3703,-1.5247
BG,Sofia,42.6833,23.3167
BH,Manama,26.2361,50.5831
BI,Bujumbura,-3.3761,29.36
BJ,Porto-novo,6.4833,2.6167
BL,Colombier,17.9167,-62.85
BL,Grand Cul-de-sac,17.9,-62.8
BL,Gustavia,17.8833,-62.85
BL,Saint Barthelemy,17.9,-62.8257
BL,Saint-barthelemy,17.9,-62.8257
BM,Hamilton,32.2942,-64.7839
BN,Brunei,4.8833,114.9333
BN,Sengkurong,4.8833,114.8333
BO,Cochabamba,-17.3833,-66.15
BO,La Paz,-16.5,-68.15
BO,Santa Cruz,-12.2833,-66.25
BQ,Belnem,12.1233,-68.2874
BQ,Bonaire,12.2,-68.25
BQ,Chapel Piece,17.4667,-62.9833
BQ,Concordia,17.4833,-62.9667
BQ,Golden Rock,17.4833,-62.9833
BQ,Hato,12.1833,-68.2833
BQ,Kralendijk,12.15,-68.2667
BQ,Nikiboko,12.15,-68.2667
BQ,Oranjestad,17.4667,-62.9833
BQ,Playa,12.15,-68.2667
BQ,RincÛn,12.2333,-68.3333
BQ,The Bottom,17.6333,-63.25
BQ,Windward Side,17.6333,-63.2333
BR,Belo Horizonte,-19.9017,-43.9642
BR,Brasília,-15.7772,-47.8413
BR,Porto Alegre,-30.0333,-51.2
BR,Recife,-8.05,-34.9
BR,Rio De Janeiro,-22.8751,-43.2775
BR,São Paulo,-23.5464,-46.6289
BS,Nassau,25.0833,-77.35
BT,Thimphu,27.4833,89.6
BW,Gaborone,-24.6464,25.9119
BY,Minsk,53.9,27.5667
BZ,Belize City,17.4833,-88.1833
CA,Ottawa,45.4167,-75.7
CA,Toronto,43.6667,-79.4167
CA,Vancouver,49.25,-123.1333
CC,West Island,-12.1568,96.8225
CD,Kinshasa,-4.3,15.3
CF,Bangui,4.3667,18.5833
CG,Brazzaville,-4.2592,15.2847
CH,Basel,47.5584,7.5733
CH,Ecublens,46.6091,6.8087
CH,Geneva,46.1956,6.1481
CH,Lausanne,46.5333,6.6667
CH,Lugano,46.0062,8.9511
CH,Zürich,47.3667,8.55
CI,Abidjan,5.3097,-4.0127
CI,Yamoussoukro,6.8205,-5.2767
CK,Avarua,-21.2078,-159.775
CL,Santiago,-33.45,-70.6667
CM,Yaoundé,3.8667,11.5167
CN,Beijing,39.9289,116.3883
CN,Changshu,28.0833,115.5167
CN,Shanghai,31.0456,121.3997
CN,Shenzhen,22.5333,114.1333
CO,Bogotá,4.6492,-74.0628
CR,San José,9.9333,-84.0833
CU,Havana,23.1319,-82.3642
CV,Praia,14.9167,-23.5167
CW,Vredenberg,12.0917,-68.85
CW,Willemstad,12.1,-68.9167
CX,Flying Fish Cove,-10.4167,105.7167
CY,Lemesos,34.675,33.0333
CY,Limassol,34.6841,33.0379
CY,Nicosia,35.1667,33.3667
CY,Paphos,34.7667,32.4167
CZ,Prague,50.0833,14.4667
DE,Allee,53.75,10.2167
DE,Bergkamen,51.6333,7.6333
DE,Berlin,52.5167,13.4
DE,Cologne,50.9333,6.95
DE,Frankfurt Am Main,50.1167,8.6833
DE,Freiburg,48,7.85
DE,Friolzheim,48.8333,8.8333
DE,Karlsruhe,49.0047,8.3858
DE,Menden,51.4333,7.8
DE,Nettetal,51.3167,6.2833
DE,Oelde,51.8167,8.15
DE,Wiesloch,49.2978,8.7014
DJ,Dikhil,11.1086,42.3739
DJ,Djibouti,11.589,43.145
DJ,Jibuti,11.595,43.1481
DJ,Obock,11.9631,43.2906
DK,Copenhagen,55.6667,12.5833
DK,Gentofte,55.75,12.55
DM,Barroui,15.4333,-61.45
DM,Castle Bruce,15.4333,-61.2667
DM,La Plaine,15.3333,-61.25
DM,Mahaut,15.35,-61.4
DM,Portsmouth,15.5833,-61.4667
DM,Roseau,15.3,-61.4
DO,Santo Domingo,18.4667,-69.9
DZ,Alger,36.7525,3.042
DZ,Algiers,36.7631,3.0506
EC,Pichincha,-0.7167,-75.2833
EC,Progreso,-0.9,-89.55
EC,Quito,-0.2167,-78.5
EE,Tallinn,59.4339,24.7281
EE,Tartu,58.3661,26.7361
EG,Alexandria,31.2156,29.9553
EG,Cairo,30.0771,31.2859
EH,Bir Anzarane,23.8833,-14.5333
EH,Bir Gand˙s,21.6,-16.5
EH,Laayoune Plage,27.0961,-13.4158
ER,Asmara,15.3333,38.9333
ES,Badalona,41.4471,2.2448
ES,Barcelona,41.3984,2.1741
ES,Madrid,40.4086,-3.6922
ES,Sabadell,41.5433,2.1094
ES,San Salvador,43.3926,-3.806
ES,Sevilla,37.3824,-5.9761
ES,Valencia,39.4667,-0.3667
ES,Valladolid,41.6552,-4.7237
ET,Addis Ababa,9.0333,38.7
FI,Helsinki,60.1756,24.9342
FJ,Suva,-18.1333,178.4167
FK,Hill Cove,-51.5,-60.15
FK,Port Stanley,-51.7,-57.85
FK,Rincon Grande,-51.4833,-58.3
FK,Stanley,-51.7,-57.85
FM,Chuuk,7.3239,151.6535
FM,Kosrae,5.3102,162.9628
FM,Kosrae,5.3102,162.9628
FM,Kosrae,5.3102,162.9628
FM,Orlando,28.3996,-81.2895
FM,Pohnpei,6.8902,158.209
FM,Yap,9.5373,138.1263
FM,Yap,9.5373,138.1263
FM,Yap,9.5373,138.1263
FM,,6.8902,158.209
FO,Tórshavn,62.0167,-6.7667
FR,Lyon,45.7485,4.8467
FR,Montpellier,43.6109,3.8772
FR,Paris,48.8667,2.3333
FR,Romainville,48.8854,2.4348
GA,Libreville,0.3833,9.45
GA,Port-gentil,-0.7167,8.7833
GB,Glasgow,55.8333,-4.25
GB,London,51.5142,-0.0931
GB,Manchester,53.5,-2.2167
GD,Saint George,12.05,-61.75
GE,Tbilisi,41.725,44.7908
GF,Guadeloupe,4.7333,-53.7833
GF,Matoury,4.847,-52.3216
GG,Saint Peter Port,49.4561,-2.5408
GH,Accra,5.55,-0.2167
GH,Kumasi,6.6833,-1.6167
GH,Takoradi,4.8833,-1.75
GH,Tema,5.6167,-0.0167
GI,Gibraltar,36.1333,-5.35
GL,Nuuk,64.1833,-51.75
GM,Banjul,13.4531,-16.5775
GM,Fajara,13.47,-16.6964
GN,Conakry,9.5092,-13.7122
GP,Marigot,18.0667,-63.0833
GQ,Malabo,3.75,8.7833
GR,Athens,37.9833,23.7333
GS,Grytviken,-54.2767,-36.5117
GS,Stromness,-54.1561,-36.7161
GT,El Salvador,15.4731,-91.3497
GT,Guatemala City,14.6211,-90.5269
GU,Agana Heights,13.4443,144.7863
GU,Barrigada,13.4443,144.7863
GU,Dededo,13.4443,144.7863
GU,Hagatna,13.4443,144.7863
GU,Mangilao,13.4443,144.7863
GU,Tamuning,13.4947,144.7771
GW,Bissau,11.85,-15.5833
GY,Georgetown,6.8,-58.1667
HK,Central District,22.2833,114.15
HN,Moraz·n,15.3167,-87.6
HN,Tegucigalpa,14.1,-87.2167
HR,Zagreb,45.8,16
HT,Port-au-prince,18.5392,-72.335
HT,Prince,18.7167,-72.4167
HU,Budapest,47.5,19.0833
ID,Jakarta,-6.1744,106.8294
IE,Dublin,53.3389,-6.2595
IL,Jerusalem,31.78,35.23
IL,Tel Aviv,32.0667,34.7667
IM,Douglas,54.15,-4.4833
IM,Ramsey,54.3167,-4.4
IN,Bombay,18.975,72.8258
IN,Jaipur,26.9167,75.8167
IN,New Delhi,28.6,77.2
IQ,Baghdad,33.3386,44.3939
IR,Tehran,35.7261,51.3304
IS,ReykjavÌk,64.136,-21.9203
IT,Milan,45.4667,9.2
IT,Rome,41.9,12.4833
JE,Saint Helier,49.1833,-2.1
JM,Freetown,17.9,-77.15
JO,Amman,31.95,35.9333
JP,Toyo,33.9217,133.0883
KE,Nairoba,-1.2833,36.8167
KG,Osh,40.5294,72.79
KH,Phnom Penh,11.5625,104.916
KI,Betio,1.35,172.9333
KI,Bikenibeu,1.35,173.1333
KI,Eita,-1.2,174.7333
KI,Kanton Village,-2.7768,-171.7168
KI,Moroni,-11.7042,43.2403
KI,Mutsamudu,-12.1628,44.3964
KI,Tabwakea Village,2.0164,-157.4877
KI,Umwa Village,-0.8705,169.5419
KI,Umwa Village,-0.8705,169.5419
KM,Basseterre,17.3,-62.7167
KM,Charlestown,17.1333,-62.6167
KM,Hoani,-12.2508,43.6747
KM,Mavingouni,-11.7164,43.2525
KM,Moutsamoudou,-12.1628,44.3964
KM,Nioumachoua,-12.3614,43.7153
KM,Ntsoudjini,-11.6597,43.2614
KM,Ouanani,-12.3375,43.7975
KM,Ouani,-12.1322,44.4258
KM,Sima,-12.1956,44.2767
KM,Vouvouni,-11.75,43.2433
KN,Middle Island,17.3167,-62.8167
KR,Seoul,37.5985,126.9783
KW,Kuwayt,29.3697,47.9783
KY,Cayman Islands,19.5,-80.6667
KZ,Astana,51.1811,71.4278
LA,Phonhong,18.4928,102.4172
LB,Beyrouth,33.8719,35.5097
LC,Canaries,13.9,-61.0667
LI,Schellenberg,47.2333,9.5333
LK,Buthpitiya,7.05,80.05
LR,Voinjama,8.4219,-9.7478
LS,Mokhotlong,-29.2833,29.0833
LT,Ruta,55.1833,24.2333
LU,Luxemburg,49.6117,6.13
LV,Riga,56.95,24.1
LY,Tanger,35.7806,-5.8136
MA,Casablanca,33.5928,-7.6192
MA,Marrakesh,31.6333,-8
MC,Beausoleil,43.7439,7.4184
MC,Chisinau,47.0056,28.8575
MC,Ciorescu,47.1294,28.8856
MC,Condamine,43.7333,7.4167
MC,La Condamine,43.7333,7.4167
MC,Monaco,43.7333,7.4167
MC,Monaco-ville,43.7333,7.4167
MC,Moneghetti,43.7375,7.4153
MC,Montecarlo,43.7398,7.4273
MD,Sculeni,47.3228,27.6314
ME,Podgorica,42.4411,19.2636
MF,Rambaud,18.0807,-63.0667
MG,Alarobia,-18.8833,47.7
MH,Bitola,41.0314,21.3347
MK,Skopje,42.0609,21.3193
ML,Bamako Koura,12.65,-8.0167
MM,Nay Pyi Taw,19.745,96.1297
MN,Taipa,22.15,113.55
MO,Cidade De Macau,22.2,113.55
MP,Tinian,15.0817,145.6523
MQ,Fort-de-france,14.6052,-61.0754
MR,Arafat,18.0464,-15.9719
MS,Montserrat,16.75,-62.2
MT,Valletta,35.8997,14.5147
MU,Port-louis,-20.1619,57.4989
MV,Maale,4.1667,73.5
MW,Lilongwe,-13.9833,33.7833
MX,Mexico,19.4342,-99.1386
MY,Kuala Lumpur,3.1456,101.645
MZ,Matola,-25.9622,32.4589
NA,Windoek,-22.5594,17.0832
NC,Numea,-22.2667,166.45
NE,Niamey,13.6667,1.7833
NF,Lagos,6.4531,3.3958
NG,Abuja,9.1805,7.1793
NI,San Juan,11.95,-86.1833
NL,Amsterdam,52.363,4.8924
NO,Oslo,59.9127,10.7461
NP,Katmandu,27.7167,85.3167
NR,Nauru,-0.517,166.933
NU,Avatele,-19.1,-169.9167
NU,Dunedin,-45.8667,170.5
NU,Hakupu,-19.1,-169.8333
NU,Hamilton,-37.7833,175.2833
NZ,Auckland,-36.8236,174.7918
OM,Mascat,23.6133,58.5933
PA,Panama City,8.9667,-79.5333
PE,Las Mercedes,-14.6586,-75.2758
PF,Paopao,-17.5,-149.8167
PG,Port Moresby,-9.4647,147.1925
PH,Manila,14.6042,120.9822
PK,Islamabad,33.69,73.0551
PL,Warsaw,52.25,21
PM,Adamstown,-25.0667,-130.0833
PM,Petit Barachois,46.8603,-56.3639
PN,San Juan,18.4504,-66.0849
PR,San Juan,18.4208,-66.0616
PS,Gaza,31.5,34.4667
PT,Lisbon,38.7167,-9.1333
PY,Asunción,-25.2939,-57.6111
QA,Dawhat Al Qatar,25.2867,51.5333
RE,Fleurimont,-21.0333,55.2667
RO,Bucharest,44.418,26.1691
RS,Belgrado,44.8186,20.4681
RU,Moscow,55.7522,37.6156
RW,Kigali,-2.3,29.95
SA,Mecca,21.4267,39.8261
SB,Victoria,-4.6167,55.45
SC,Misere,-4.6667,55.4667
SD,Mabil,9.2833,29.1833
SE,Stockholm,59.3333,18.05
SG,Singapoe,1.3667,103.8
SH,Tristan Da Cunha,-37.1128,-12.2834
SI,Ljubljana,46.0511,14.5051
SJ,Bratislava,48.15,17.1167
SK,Bratislava,48.15,17.1167
SL,Falciano,43.9833,12.5
SM,San Marino,43.9367,12.4464
SN,Dakar Dioi,14.9333,-16.7333
SO,Garowe,8.4,48.5
SR,Friendship,5.9,-56.3333
SS,Trindade,0.3,6.6833
ST,Guadalupe,0.3833,6.65
SV,San Luis,13.4739,-89.0892
SX,Damascus,33.5,36.3
SY,Damasco,33.5,36.3
SZ,Kubuta,-26.8833,31.4833
TC,Palm Grove,21.4521,-71.1435
TD,Bongor,10.2806,15.3722
TF,Pya,9.6667,1.15
TG,Mango,10.3592,0.4708
TH,Bangkok,13.754,100.5014
TJ,Isfara,40.1265,70.6253
TK,Fale Old Settlement,-9.3852,-171.2467
TL,Colmera,-8.5574,125.5709
TM,Farap,39.1704,63.6116
TN,Tunis,36.8061,10.1711
TO,Istanbul,41.0186,28.9647
TR,Ankara,39.9683,32.7308
TT,Port-au-spain,10.65,-61.5167
TV,Taipei,25.0478,121.5318
TW,Tapei,24.9922,121.8158
TZ,Dodoma,-6.1833,35.75
UA,Kiev,50.4333,30.5167
UG,Kapala,1.25,33.6167
US,Los Angeles,34.0522,-118.2437
US,New York,40.7808,-73.9772
US,Washington D.c.,38.9171,-77.0002
UY,Montevideo,-34.812,-56.1636
UZ,Taskent,37.5053,67.0614
VA,Biabou,13.2,-61.1333
VC,Hamilton,13.0128,-61.2431
VE,Caracas,9.0833,-69.8333
VG,Kingstown,18.4167,-64.5833
VI,Frederiksted,17.7342,-64.7347
VN,Hanoi,21.0333,105.85
VU,Saratamata,-15.2903,167.9668
WF,Falaleu,-13.3,-176.15
WS,Patamea,-13.4833,-172.2667
YE,Haddah,15.2942,44.1633
YT,Cape Town,-33.9258,18.4232
ZA,Cape Town,-34.0167,18.4722
ZM,Livingstone,-17.85,25.8667
ZW,Victoria Falls,-17.9333,25.8333